{"cameraMode":{"drawMode":0,"name":"Shaded","section":"Shading Mode"},"sceneLighting":true,"audioPlay":false,"sceneViewState":{"m_AlwaysRefresh":false,"showFog":true,"showSkybox":true,"showFlares":true,"showImageEffects":true,"showParticleSystems":true,"showVisualEffectGraphs":true,"m_FxEnabled":true},"in2DMode":false,"pivot":{"x":21.75372886657715,"y":-3.0578181743621828,"z":0.013193339109420777},"rotation":{"x":-0.06424304097890854,"y":-0.6976888179779053,"z":0.06326872855424881,"w":-0.7103780508041382},"size":17.174299240112306,"orthographic":false}